genus,shannon,simpson
Genus_0,4.01992355974486,0.98043849044942
Genus_1,4.019986058699714,0.9804387471874979
Genus_2,4.019697176496777,0.9804316253259393
Genus_3,4.019882105715093,0.9804372982735741
Genus_4,4.019971833383812,0.9804391263742445
Genus_5,4.019640939365637,0.9804306567778688
Genus_6,4.019874293390565,0.9804366281884186
Genus_7,4.019726384603932,0.9804306270231021
Genus_8,4.019791070363995,0.9804345321048704
Genus_9,4.019635551206347,0.9804289222828282
